{"cameraMode":{"drawMode":0,"name":"Shaded","section":"Shading Mode"},"sceneLighting":true,"audioPlay":false,"sceneViewState":{"m_AlwaysRefresh":false,"showFog":true,"showSkybox":true,"showFlares":true,"showImageEffects":true,"showParticleSystems":true,"showVisualEffectGraphs":true,"m_FxEnabled":true},"in2DMode":false,"pivot":{"x":243.32241821289063,"y":213.68975830078126,"z":399.60906982421877},"rotation":{"x":0.4019354581832886,"y":0.31324470043182375,"z":-0.1484927237033844,"w":0.8475582599639893},"size":23.24599266052246,"orthographic":false}