{"cameraMode":{"drawMode":0,"name":"Shaded","section":"Shading Mode"},"sceneLighting":false,"audioPlay":false,"sceneViewState":{"m_AlwaysRefresh":false,"showFog":true,"showSkybox":false,"showFlares":true,"showImageEffects":true,"showParticleSystems":true,"showVisualEffectGraphs":true,"m_FxEnabled":true},"in2DMode":false,"pivot":{"x":-0.8365243673324585,"y":4.1448750495910648,"z":-0.46738067269325259},"rotation":{"x":0.5187668800354004,"y":0.33678245544433596,"z":-0.2327936440706253,"w":0.7505287528038025},"size":4.575102806091309,"orthographic":false}